{
  "project_info": {
    "project_number": "187927225196",
    "firebase_url": "https://wicruit-ae6f1.firebaseio.com",
    "project_id": "wicruit-ae6f1",
    "storage_bucket": "wicruit-ae6f1.appspot.com"
  },
  "client": [
    {
      "client_info": {
        "mobilesdk_app_id": "1:187927225196:android:f8e7298200874e2f",
        "android_client_info": {
          "package_name": "com.example.ar391064.wicruit"
        }
      },
      "oauth_client": [
        {
          "client_id": "187927225196-ia1rqp4mc029ft165n3a73v26kv60crh.apps.googleusercontent.com",
          "client_type": 3
        }
      ],
      "api_key": [
        {
          "current_key": "AIzaSyADrt3lQuJxRqfcu-w2VxmOIID32_7964I"
        }
      ],
      "services": {
        "analytics_service": {
          "status": 1
        },
        "appinvite_service": {
          "status": 1,
          "other_platform_oauth_client": []
        },
        "ads_service": {
          "status": 2
        }
      }
    }
  ],
  "configuration_version": "1"
}